;classifier;resampler;selection_algorithm;accuracy;precision;recall;duration
0;"DecisionTreeClassifier(class_weight=None, criterion='gini', max_depth=None, max_features='auto', max_leaf_nodes=None, min_impurity_decrease=0.0, min_impurity_split=None, min_samples_leaf=1, min_samples_split=2, min_weight_fraction_leaf=0.0, presort=False, random_state=None, splitter='random')";"SMOTE(k=1, k_neighbors=1, kind='regular', m=None, m_neighbors=10, n_jobs=1, out_step=0.5, random_state=None, ratio='auto', svm_estimator=None)";variance;0.42956926658905703;0.42956926658905703;0.42956926658905703;0.013542380739750115
1;"DecisionTreeClassifier(class_weight=None, criterion='gini', max_depth=None, max_features='auto', max_leaf_nodes=None, min_impurity_decrease=0.0, min_impurity_split=None, min_samples_leaf=1, min_samples_split=2, min_weight_fraction_leaf=0.0, presort=False, random_state=None, splitter='random')";"SMOTE(k=1, k_neighbors=1, kind='regular', m=None, m_neighbors=10, n_jobs=1, out_step=0.5, random_state=None, ratio='auto', svm_estimator=None)";fisher;0.4912689173457509;0.4912689173457509;0.4912689173457509;0.0033450619092718625
2;"DecisionTreeClassifier(class_weight=None, criterion='gini', max_depth=None, max_features='sqrt', max_leaf_nodes=None, min_impurity_decrease=0.0, min_impurity_split=None, min_samples_leaf=1, min_samples_split=2, min_weight_fraction_leaf=0.0, presort=False, random_state=None, splitter='random')";"SMOTE(k=1, k_neighbors=1, kind='regular', m=None, m_neighbors=10, n_jobs=1, out_step=0.5, random_state=None, ratio='auto', svm_estimator=None)";variance;0.41559953434225844;0.41559953434225844;0.41559953434225844;0.00673791041720051
3;"DecisionTreeClassifier(class_weight=None, criterion='gini', max_depth=None, max_features='sqrt', max_leaf_nodes=None, min_impurity_decrease=0.0, min_impurity_split=None, min_samples_leaf=1, min_samples_split=2, min_weight_fraction_leaf=0.0, presort=False, random_state=None, splitter='random')";"SMOTE(k=1, k_neighbors=1, kind='regular', m=None, m_neighbors=10, n_jobs=1, out_step=0.5, random_state=None, ratio='auto', svm_estimator=None)";fisher;0.4935972060535506;0.4935972060535506;0.4935972060535506;0.0032307154051522957
4;"DecisionTreeClassifier(class_weight=None, criterion='gini', max_depth=None, max_features='log2', max_leaf_nodes=None, min_impurity_decrease=0.0, min_impurity_split=None, min_samples_leaf=1, min_samples_split=2, min_weight_fraction_leaf=0.0, presort=False, random_state=None, splitter='random')";"SMOTE(k=1, k_neighbors=1, kind='regular', m=None, m_neighbors=10, n_jobs=1, out_step=0.5, random_state=None, ratio='auto', svm_estimator=None)";variance;0.47264260768335276;0.47264260768335276;0.47264260768335276;0.00797353532652778
5;"DecisionTreeClassifier(class_weight=None, criterion='gini', max_depth=None, max_features='log2', max_leaf_nodes=None, min_impurity_decrease=0.0, min_impurity_split=None, min_samples_leaf=1, min_samples_split=2, min_weight_fraction_leaf=0.0, presort=False, random_state=None, splitter='random')";"SMOTE(k=1, k_neighbors=1, kind='regular', m=None, m_neighbors=10, n_jobs=1, out_step=0.5, random_state=None, ratio='auto', svm_estimator=None)";fisher;0.49243306169965073;0.49243306169965073;0.49243306169965073;0.0033501819019647883
6;"DecisionTreeClassifier(class_weight=None, criterion='gini', max_depth=None, max_features=None, max_leaf_nodes=None, min_impurity_decrease=0.0, min_impurity_split=None, min_samples_leaf=1, min_samples_split=2, min_weight_fraction_leaf=0.0, presort=False, random_state=None, splitter='random')";"SMOTE(k=1, k_neighbors=1, kind='regular', m=None, m_neighbors=10, n_jobs=1, out_step=0.5, random_state=None, ratio='auto', svm_estimator=None)";variance;0.4481955762514552;0.4481955762514552;0.4481955762514552;0.010513620602750962
7;"DecisionTreeClassifier(class_weight=None, criterion='gini', max_depth=None, max_features=None, max_leaf_nodes=None, min_impurity_decrease=0.0, min_impurity_split=None, min_samples_leaf=1, min_samples_split=2, min_weight_fraction_leaf=0.0, presort=False, random_state=None, splitter='random')";"SMOTE(k=1, k_neighbors=1, kind='regular', m=None, m_neighbors=10, n_jobs=1, out_step=0.5, random_state=None, ratio='auto', svm_estimator=None)";fisher;0.4935972060535506;0.4935972060535506;0.4935972060535506;0.0033661107681837166
8;"DecisionTreeClassifier(class_weight=None, criterion='gini', max_depth=None, max_features='auto', max_leaf_nodes=None, min_impurity_decrease=0.0, min_impurity_split=None, min_samples_leaf=1, min_samples_split=2, min_weight_fraction_leaf=0.0, presort=False, random_state=None, splitter='best')";"SMOTE(k=1, k_neighbors=1, kind='regular', m=None, m_neighbors=10, n_jobs=1, out_step=0.5, random_state=None, ratio='auto', svm_estimator=None)";variance;0.40162980209545984;0.40162980209545984;0.40162980209545984;0.014489579392602536
9;"DecisionTreeClassifier(class_weight=None, criterion='gini', max_depth=None, max_features='auto', max_leaf_nodes=None, min_impurity_decrease=0.0, min_impurity_split=None, min_samples_leaf=1, min_samples_split=2, min_weight_fraction_leaf=0.0, presort=False, random_state=None, splitter='best')";"SMOTE(k=1, k_neighbors=1, kind='regular', m=None, m_neighbors=10, n_jobs=1, out_step=0.5, random_state=None, ratio='auto', svm_estimator=None)";fisher;0.4912689173457509;0.4912689173457509;0.4912689173457509;0.0038542167405921646
10;"DecisionTreeClassifier(class_weight=None, criterion='gini', max_depth=None, max_features='sqrt', max_leaf_nodes=None, min_impurity_decrease=0.0, min_impurity_split=None, min_samples_leaf=1, min_samples_split=2, min_weight_fraction_leaf=0.0, presort=False, random_state=None, splitter='best')";"SMOTE(k=1, k_neighbors=1, kind='regular', m=None, m_neighbors=10, n_jobs=1, out_step=0.5, random_state=None, ratio='auto', svm_estimator=None)";variance;0.4121071012805588;0.4121071012805588;0.4121071012805588;0.012869386141346695
11;"DecisionTreeClassifier(class_weight=None, criterion='gini', max_depth=None, max_features='sqrt', max_leaf_nodes=None, min_impurity_decrease=0.0, min_impurity_split=None, min_samples_leaf=1, min_samples_split=2, min_weight_fraction_leaf=0.0, presort=False, random_state=None, splitter='best')";"SMOTE(k=1, k_neighbors=1, kind='regular', m=None, m_neighbors=10, n_jobs=1, out_step=0.5, random_state=None, ratio='auto', svm_estimator=None)";fisher;0.4912689173457509;0.4912689173457509;0.4912689173457509;0.0036186970756943992
12;"DecisionTreeClassifier(class_weight=None, criterion='gini', max_depth=None, max_features='log2', max_leaf_nodes=None, min_impurity_decrease=0.0, min_impurity_split=None, min_samples_leaf=1, min_samples_split=2, min_weight_fraction_leaf=0.0, presort=False, random_state=None, splitter='best')";"SMOTE(k=1, k_neighbors=1, kind='regular', m=None, m_neighbors=10, n_jobs=1, out_step=0.5, random_state=None, ratio='auto', svm_estimator=None)";variance;0.42607683352735737;0.42607683352735737;0.42607683352735737;0.013437136444963471
13;"DecisionTreeClassifier(class_weight=None, criterion='gini', max_depth=None, max_features='log2', max_leaf_nodes=None, min_impurity_decrease=0.0, min_impurity_split=None, min_samples_leaf=1, min_samples_split=2, min_weight_fraction_leaf=0.0, presort=False, random_state=None, splitter='best')";"SMOTE(k=1, k_neighbors=1, kind='regular', m=None, m_neighbors=10, n_jobs=1, out_step=0.5, random_state=None, ratio='auto', svm_estimator=None)";fisher;0.4912689173457509;0.4912689173457509;0.4912689173457509;0.003482163936496363
14;"DecisionTreeClassifier(class_weight=None, criterion='gini', max_depth=None, max_features=None, max_leaf_nodes=None, min_impurity_decrease=0.0, min_impurity_split=None, min_samples_leaf=1, min_samples_split=2, min_weight_fraction_leaf=0.0, presort=False, random_state=None, splitter='best')";"SMOTE(k=1, k_neighbors=1, kind='regular', m=None, m_neighbors=10, n_jobs=1, out_step=0.5, random_state=None, ratio='auto', svm_estimator=None)";variance;0.43771827706635624;0.43771827706635624;0.43771827706635624;0.037343520222520965
15;"DecisionTreeClassifier(class_weight=None, criterion='gini', max_depth=None, max_features=None, max_leaf_nodes=None, min_impurity_decrease=0.0, min_impurity_split=None, min_samples_leaf=1, min_samples_split=2, min_weight_fraction_leaf=0.0, presort=False, random_state=None, splitter='best')";"SMOTE(k=1, k_neighbors=1, kind='regular', m=None, m_neighbors=10, n_jobs=1, out_step=0.5, random_state=None, ratio='auto', svm_estimator=None)";fisher;0.4912689173457509;0.4912689173457509;0.4912689173457509;0.0035464482895122273
16;"DecisionTreeClassifier(class_weight=None, criterion='entropy', max_depth=None, max_features='auto', max_leaf_nodes=None, min_impurity_decrease=0.0, min_impurity_split=None, min_samples_leaf=1, min_samples_split=2, min_weight_fraction_leaf=0.0, presort=False, random_state=None, splitter='random')";"SMOTE(k=1, k_neighbors=1, kind='regular', m=None, m_neighbors=10, n_jobs=1, out_step=0.5, random_state=None, ratio='auto', svm_estimator=None)";variance;0.42491268917345754;0.42491268917345754;0.42491268917345754;0.009420217713454804
17;"DecisionTreeClassifier(class_weight=None, criterion='entropy', max_depth=None, max_features='auto', max_leaf_nodes=None, min_impurity_decrease=0.0, min_impurity_split=None, min_samples_leaf=1, min_samples_split=2, min_weight_fraction_leaf=0.0, presort=False, random_state=None, splitter='random')";"SMOTE(k=1, k_neighbors=1, kind='regular', m=None, m_neighbors=10, n_jobs=1, out_step=0.5, random_state=None, ratio='auto', svm_estimator=None)";fisher;0.49243306169965073;0.49243306169965073;0.49243306169965073;0.0032085287700738263
18;"DecisionTreeClassifier(class_weight=None, criterion='entropy', max_depth=None, max_features='sqrt', max_leaf_nodes=None, min_impurity_decrease=0.0, min_impurity_split=None, min_samples_leaf=1, min_samples_split=2, min_weight_fraction_leaf=0.0, presort=False, random_state=None, splitter='random')";"SMOTE(k=1, k_neighbors=1, kind='regular', m=None, m_neighbors=10, n_jobs=1, out_step=0.5, random_state=None, ratio='auto', svm_estimator=None)";variance;0.43771827706635624;0.43771827706635624;0.43771827706635624;0.007299971840097896
19;"DecisionTreeClassifier(class_weight=None, criterion='entropy', max_depth=None, max_features='sqrt', max_leaf_nodes=None, min_impurity_decrease=0.0, min_impurity_split=None, min_samples_leaf=1, min_samples_split=2, min_weight_fraction_leaf=0.0, presort=False, random_state=None, splitter='random')";"SMOTE(k=1, k_neighbors=1, kind='regular', m=None, m_neighbors=10, n_jobs=1, out_step=0.5, random_state=None, ratio='auto', svm_estimator=None)";fisher;0.4912689173457509;0.4912689173457509;0.4912689173457509;0.0034286884570065013
20;"DecisionTreeClassifier(class_weight=None, criterion='entropy', max_depth=None, max_features='log2', max_leaf_nodes=None, min_impurity_decrease=0.0, min_impurity_split=None, min_samples_leaf=1, min_samples_split=2, min_weight_fraction_leaf=0.0, presort=False, random_state=None, splitter='random')";"SMOTE(k=1, k_neighbors=1, kind='regular', m=None, m_neighbors=10, n_jobs=1, out_step=0.5, random_state=None, ratio='auto', svm_estimator=None)";variance;0.42374854481955765;0.42374854481955765;0.42374854481955765;0.007760771184621262
21;"DecisionTreeClassifier(class_weight=None, criterion='entropy', max_depth=None, max_features='log2', max_leaf_nodes=None, min_impurity_decrease=0.0, min_impurity_split=None, min_samples_leaf=1, min_samples_split=2, min_weight_fraction_leaf=0.0, presort=False, random_state=None, splitter='random')";"SMOTE(k=1, k_neighbors=1, kind='regular', m=None, m_neighbors=10, n_jobs=1, out_step=0.5, random_state=None, ratio='auto', svm_estimator=None)";fisher;0.4935972060535506;0.4935972060535506;0.4935972060535506;0.003895176682362944
22;"DecisionTreeClassifier(class_weight=None, criterion='entropy', max_depth=None, max_features=None, max_leaf_nodes=None, min_impurity_decrease=0.0, min_impurity_split=None, min_samples_leaf=1, min_samples_split=2, min_weight_fraction_leaf=0.0, presort=False, random_state=None, splitter='random')";"SMOTE(k=1, k_neighbors=1, kind='regular', m=None, m_neighbors=10, n_jobs=1, out_step=0.5, random_state=None, ratio='auto', svm_estimator=None)";variance;0.42724097788125726;0.42724097788125726;0.42724097788125726;0.012258969231652372
23;"DecisionTreeClassifier(class_weight=None, criterion='entropy', max_depth=None, max_features=None, max_leaf_nodes=None, min_impurity_decrease=0.0, min_impurity_split=None, min_samples_leaf=1, min_samples_split=2, min_weight_fraction_leaf=0.0, presort=False, random_state=None, splitter='random')";"SMOTE(k=1, k_neighbors=1, kind='regular', m=None, m_neighbors=10, n_jobs=1, out_step=0.5, random_state=None, ratio='auto', svm_estimator=None)";fisher;0.490104772991851;0.490104772991851;0.490104772991851;0.00306061786943701
24;"DecisionTreeClassifier(class_weight=None, criterion='entropy', max_depth=None, max_features='auto', max_leaf_nodes=None, min_impurity_decrease=0.0, min_impurity_split=None, min_samples_leaf=1, min_samples_split=2, min_weight_fraction_leaf=0.0, presort=False, random_state=None, splitter='best')";"SMOTE(k=1, k_neighbors=1, kind='regular', m=None, m_neighbors=10, n_jobs=1, out_step=0.5, random_state=None, ratio='auto', svm_estimator=None)";variance;0.4610011641443539;0.4610011641443539;0.4610011641443539;0.020213162363575066
25;"DecisionTreeClassifier(class_weight=None, criterion='entropy', max_depth=None, max_features='auto', max_leaf_nodes=None, min_impurity_decrease=0.0, min_impurity_split=None, min_samples_leaf=1, min_samples_split=2, min_weight_fraction_leaf=0.0, presort=False, random_state=None, splitter='best')";"SMOTE(k=1, k_neighbors=1, kind='regular', m=None, m_neighbors=10, n_jobs=1, out_step=0.5, random_state=None, ratio='auto', svm_estimator=None)";fisher;0.4912689173457509;0.4912689173457509;0.4912689173457509;0.0034889905933823684
26;"DecisionTreeClassifier(class_weight=None, criterion='entropy', max_depth=None, max_features='sqrt', max_leaf_nodes=None, min_impurity_decrease=0.0, min_impurity_split=None, min_samples_leaf=1, min_samples_split=2, min_weight_fraction_leaf=0.0, presort=False, random_state=None, splitter='best')";"SMOTE(k=1, k_neighbors=1, kind='regular', m=None, m_neighbors=10, n_jobs=1, out_step=0.5, random_state=None, ratio='auto', svm_estimator=None)";variance;0.4435389988358556;0.4435389988358556;0.4435389988358556;0.023313033510362402
27;"DecisionTreeClassifier(class_weight=None, criterion='entropy', max_depth=None, max_features='sqrt', max_leaf_nodes=None, min_impurity_decrease=0.0, min_impurity_split=None, min_samples_leaf=1, min_samples_split=2, min_weight_fraction_leaf=0.0, presort=False, random_state=None, splitter='best')";"SMOTE(k=1, k_neighbors=1, kind='regular', m=None, m_neighbors=10, n_jobs=1, out_step=0.5, random_state=None, ratio='auto', svm_estimator=None)";fisher;0.4912689173457509;0.4912689173457509;0.4912689173457509;0.003644865927299179
28;"DecisionTreeClassifier(class_weight=None, criterion='entropy', max_depth=None, max_features='log2', max_leaf_nodes=None, min_impurity_decrease=0.0, min_impurity_split=None, min_samples_leaf=1, min_samples_split=2, min_weight_fraction_leaf=0.0, presort=False, random_state=None, splitter='best')";"SMOTE(k=1, k_neighbors=1, kind='regular', m=None, m_neighbors=10, n_jobs=1, out_step=0.5, random_state=None, ratio='auto', svm_estimator=None)";variance;0.4447031431897555;0.4447031431897555;0.4447031431897555;0.019917909450100524
29;"DecisionTreeClassifier(class_weight=None, criterion='entropy', max_depth=None, max_features='log2', max_leaf_nodes=None, min_impurity_decrease=0.0, min_impurity_split=None, min_samples_leaf=1, min_samples_split=2, min_weight_fraction_leaf=0.0, presort=False, random_state=None, splitter='best')";"SMOTE(k=1, k_neighbors=1, kind='regular', m=None, m_neighbors=10, n_jobs=1, out_step=0.5, random_state=None, ratio='auto', svm_estimator=None)";fisher;0.4912689173457509;0.4912689173457509;0.4912689173457509;0.0036738792193773406
30;"DecisionTreeClassifier(class_weight=None, criterion='entropy', max_depth=None, max_features=None, max_leaf_nodes=None, min_impurity_decrease=0.0, min_impurity_split=None, min_samples_leaf=1, min_samples_split=2, min_weight_fraction_leaf=0.0, presort=False, random_state=None, splitter='best')";"SMOTE(k=1, k_neighbors=1, kind='regular', m=None, m_neighbors=10, n_jobs=1, out_step=0.5, random_state=None, ratio='auto', svm_estimator=None)";variance;0.41443538998835855;0.41443538998835855;0.41443538998835855;0.053893612240131006
31;"DecisionTreeClassifier(class_weight=None, criterion='entropy', max_depth=None, max_features=None, max_leaf_nodes=None, min_impurity_decrease=0.0, min_impurity_split=None, min_samples_leaf=1, min_samples_split=2, min_weight_fraction_leaf=0.0, presort=False, random_state=None, splitter='best')";"SMOTE(k=1, k_neighbors=1, kind='regular', m=None, m_neighbors=10, n_jobs=1, out_step=0.5, random_state=None, ratio='auto', svm_estimator=None)";fisher;0.4912689173457509;0.4912689173457509;0.4912689173457509;0.00347306172716344
32;"DecisionTreeClassifier(class_weight=None, criterion='gini', max_depth=None, max_features='auto', max_leaf_nodes=None, min_impurity_decrease=0.0, min_impurity_split=None, min_samples_leaf=1, min_samples_split=2, min_weight_fraction_leaf=0.0, presort=False, random_state=None, splitter='random')";ADASYN(k=1, n_jobs=1, n_neighbors=1, random_state=None, ratio='auto');variance;0.42258440046565776;0.42258440046565776;0.42258440046565776;0.008882618478082804
33;"DecisionTreeClassifier(class_weight=None, criterion='gini', max_depth=None, max_features='auto', max_leaf_nodes=None, min_impurity_decrease=0.0, min_impurity_split=None, min_samples_leaf=1, min_samples_split=2, min_weight_fraction_leaf=0.0, presort=False, random_state=None, splitter='random')";ADASYN(k=1, n_jobs=1, n_neighbors=1, random_state=None, ratio='auto');fisher;0.490104772991851;0.490104772991851;0.490104772991851;0.0032915864297820008
34;"DecisionTreeClassifier(class_weight=None, criterion='gini', max_depth=None, max_features='sqrt', max_leaf_nodes=None, min_impurity_decrease=0.0, min_impurity_split=None, min_samples_leaf=1, min_samples_split=2, min_weight_fraction_leaf=0.0, presort=False, random_state=None, splitter='random')";ADASYN(k=1, n_jobs=1, n_neighbors=1, random_state=None, ratio='auto');variance;0.44237485448195574;0.44237485448195574;0.44237485448195574;0.006493288542856135
35;"DecisionTreeClassifier(class_weight=None, criterion='gini', max_depth=None, max_features='sqrt', max_leaf_nodes=None, min_impurity_decrease=0.0, min_impurity_split=None, min_samples_leaf=1, min_samples_split=2, min_weight_fraction_leaf=0.0, presort=False, random_state=None, splitter='random')";ADASYN(k=1, n_jobs=1, n_neighbors=1, random_state=None, ratio='auto');fisher;0.4912689173457509;0.4912689173457509;0.4912689173457509;0.0037063058399553483
36;"DecisionTreeClassifier(class_weight=None, criterion='gini', max_depth=None, max_features='log2', max_leaf_nodes=None, min_impurity_decrease=0.0, min_impurity_split=None, min_samples_leaf=1, min_samples_split=2, min_weight_fraction_leaf=0.0, presort=False, random_state=None, splitter='random')";ADASYN(k=1, n_jobs=1, n_neighbors=1, random_state=None, ratio='auto');variance;0.459837019790454;0.459837019790454;0.459837019790454;0.006470533019751201
37;"DecisionTreeClassifier(class_weight=None, criterion='gini', max_depth=None, max_features='log2', max_leaf_nodes=None, min_impurity_decrease=0.0, min_impurity_split=None, min_samples_leaf=1, min_samples_split=2, min_weight_fraction_leaf=0.0, presort=False, random_state=None, splitter='random')";ADASYN(k=1, n_jobs=1, n_neighbors=1, random_state=None, ratio='auto');fisher;0.49243306169965073;0.49243306169965073;0.49243306169965073;0.003642021486939484
38;"DecisionTreeClassifier(class_weight=None, criterion='gini', max_depth=None, max_features=None, max_leaf_nodes=None, min_impurity_decrease=0.0, min_impurity_split=None, min_samples_leaf=1, min_samples_split=2, min_weight_fraction_leaf=0.0, presort=False, random_state=None, splitter='random')";ADASYN(k=1, n_jobs=1, n_neighbors=1, random_state=None, ratio='auto');variance;0.44935972060535506;0.44935972060535506;0.44935972060535506;0.010877140085767678
39;"DecisionTreeClassifier(class_weight=None, criterion='gini', max_depth=None, max_features=None, max_leaf_nodes=None, min_impurity_decrease=0.0, min_impurity_split=None, min_samples_leaf=1, min_samples_split=2, min_weight_fraction_leaf=0.0, presort=False, random_state=None, splitter='random')";ADASYN(k=1, n_jobs=1, n_neighbors=1, random_state=None, ratio='auto');fisher;0.4912689173457509;0.4912689173457509;0.4912689173457509;0.0032847597727823086
40;"DecisionTreeClassifier(class_weight=None, criterion='gini', max_depth=None, max_features='auto', max_leaf_nodes=None, min_impurity_decrease=0.0, min_impurity_split=None, min_samples_leaf=1, min_samples_split=2, min_weight_fraction_leaf=0.0, presort=False, random_state=None, splitter='best')";ADASYN(k=1, n_jobs=1, n_neighbors=1, random_state=None, ratio='auto');variance;0.42374854481955765;0.42374854481955765;0.42374854481955765;0.015451000247480806
41;"DecisionTreeClassifier(class_weight=None, criterion='gini', max_depth=None, max_features='auto', max_leaf_nodes=None, min_impurity_decrease=0.0, min_impurity_split=None, min_samples_leaf=1, min_samples_split=2, min_weight_fraction_leaf=0.0, presort=False, random_state=None, splitter='best')";ADASYN(k=1, n_jobs=1, n_neighbors=1, random_state=None, ratio='auto');fisher;0.4912689173457509;0.4912689173457509;0.4912689173457509;0.004209202902416109
42;"DecisionTreeClassifier(class_weight=None, criterion='gini', max_depth=None, max_features='sqrt', max_leaf_nodes=None, min_impurity_decrease=0.0, min_impurity_split=None, min_samples_leaf=1, min_samples_split=2, min_weight_fraction_leaf=0.0, presort=False, random_state=None, splitter='best')";ADASYN(k=1, n_jobs=1, n_neighbors=1, random_state=None, ratio='auto');variance;0.42607683352735737;0.42607683352735737;0.42607683352735737;0.012202649311802816
43;"DecisionTreeClassifier(class_weight=None, criterion='gini', max_depth=None, max_features='sqrt', max_leaf_nodes=None, min_impurity_decrease=0.0, min_impurity_split=None, min_samples_leaf=1, min_samples_split=2, min_weight_fraction_leaf=0.0, presort=False, random_state=None, splitter='best')";ADASYN(k=1, n_jobs=1, n_neighbors=1, random_state=None, ratio='auto');fisher;0.4912689173457509;0.4912689173457509;0.4912689173457509;0.00356294604375762
44;"DecisionTreeClassifier(class_weight=None, criterion='gini', max_depth=None, max_features='log2', max_leaf_nodes=None, min_impurity_decrease=0.0, min_impurity_split=None, min_samples_leaf=1, min_samples_split=2, min_weight_fraction_leaf=0.0, presort=False, random_state=None, splitter='best')";ADASYN(k=1, n_jobs=1, n_neighbors=1, random_state=None, ratio='auto');variance;0.42258440046565776;0.42258440046565776;0.42258440046565776;0.013707358282772475
45;"DecisionTreeClassifier(class_weight=None, criterion='gini', max_depth=None, max_features='log2', max_leaf_nodes=None, min_impurity_decrease=0.0, min_impurity_split=None, min_samples_leaf=1, min_samples_split=2, min_weight_fraction_leaf=0.0, presort=False, random_state=None, splitter='best')";ADASYN(k=1, n_jobs=1, n_neighbors=1, random_state=None, ratio='auto');fisher;0.4912689173457509;0.4912689173457509;0.4912689173457509;0.005558605427836483
46;"DecisionTreeClassifier(class_weight=None, criterion='gini', max_depth=None, max_features=None, max_leaf_nodes=None, min_impurity_decrease=0.0, min_impurity_split=None, min_samples_leaf=1, min_samples_split=2, min_weight_fraction_leaf=0.0, presort=False, random_state=None, splitter='best')";ADASYN(k=1, n_jobs=1, n_neighbors=1, random_state=None, ratio='auto');variance;0.4435389988358556;0.4435389988358556;0.4435389988358556;0.03640997488355424
47;"DecisionTreeClassifier(class_weight=None, criterion='gini', max_depth=None, max_features=None, max_leaf_nodes=None, min_impurity_decrease=0.0, min_impurity_split=None, min_samples_leaf=1, min_samples_split=2, min_weight_fraction_leaf=0.0, presort=False, random_state=None, splitter='best')";ADASYN(k=1, n_jobs=1, n_neighbors=1, random_state=None, ratio='auto');fisher;0.4912689173457509;0.4912689173457509;0.4912689173457509;0.0036670525623776484
48;"DecisionTreeClassifier(class_weight=None, criterion='entropy', max_depth=None, max_features='auto', max_leaf_nodes=None, min_impurity_decrease=0.0, min_impurity_split=None, min_samples_leaf=1, min_samples_split=2, min_weight_fraction_leaf=0.0, presort=False, random_state=None, splitter='random')";ADASYN(k=1, n_jobs=1, n_neighbors=1, random_state=None, ratio='auto');variance;0.43771827706635624;0.43771827706635624;0.43771827706635624;0.007780113379453724
49;"DecisionTreeClassifier(class_weight=None, criterion='entropy', max_depth=None, max_features='auto', max_leaf_nodes=None, min_impurity_decrease=0.0, min_impurity_split=None, min_samples_leaf=1, min_samples_split=2, min_weight_fraction_leaf=0.0, presort=False, random_state=None, splitter='random')";ADASYN(k=1, n_jobs=1, n_neighbors=1, random_state=None, ratio='auto');fisher;0.49243306169965073;0.49243306169965073;0.49243306169965073;0.003726216922700587
50;"DecisionTreeClassifier(class_weight=None, criterion='entropy', max_depth=None, max_features='sqrt', max_leaf_nodes=None, min_impurity_decrease=0.0, min_impurity_split=None, min_samples_leaf=1, min_samples_split=2, min_weight_fraction_leaf=0.0, presort=False, random_state=None, splitter='random')";ADASYN(k=1, n_jobs=1, n_neighbors=1, random_state=None, ratio='auto');variance;0.42840512223515714;0.42840512223515714;0.42840512223515714;0.008384841408201282
51;"DecisionTreeClassifier(class_weight=None, criterion='entropy', max_depth=None, max_features='sqrt', max_leaf_nodes=None, min_impurity_decrease=0.0, min_impurity_split=None, min_samples_leaf=1, min_samples_split=2, min_weight_fraction_leaf=0.0, presort=False, random_state=None, splitter='random')";ADASYN(k=1, n_jobs=1, n_neighbors=1, random_state=None, ratio='auto');fisher;0.4912689173457509;0.4912689173457509;0.4912689173457509;0.0037000480709821204
52;"DecisionTreeClassifier(class_weight=None, criterion='entropy', max_depth=None, max_features='log2', max_leaf_nodes=None, min_impurity_decrease=0.0, min_impurity_split=None, min_samples_leaf=1, min_samples_split=2, min_weight_fraction_leaf=0.0, presort=False, random_state=None, splitter='random')";ADASYN(k=1, n_jobs=1, n_neighbors=1, random_state=None, ratio='auto');variance;0.43771827706635624;0.43771827706635624;0.43771827706635624;0.006955794551686267
53;"DecisionTreeClassifier(class_weight=None, criterion='entropy', max_depth=None, max_features='log2', max_leaf_nodes=None, min_impurity_decrease=0.0, min_impurity_split=None, min_samples_leaf=1, min_samples_split=2, min_weight_fraction_leaf=0.0, presort=False, random_state=None, splitter='random')";ADASYN(k=1, n_jobs=1, n_neighbors=1, random_state=None, ratio='auto');fisher;0.4912689173457509;0.4912689173457509;0.4912689173457509;0.0033757818656567906
54;"DecisionTreeClassifier(class_weight=None, criterion='entropy', max_depth=None, max_features=None, max_leaf_nodes=None, min_impurity_decrease=0.0, min_impurity_split=None, min_samples_leaf=1, min_samples_split=2, min_weight_fraction_leaf=0.0, presort=False, random_state=None, splitter='random')";ADASYN(k=1, n_jobs=1, n_neighbors=1, random_state=None, ratio='auto');variance;0.40162980209545984;0.40162980209545984;0.40162980209545984;0.012122436092568023
55;"DecisionTreeClassifier(class_weight=None, criterion='entropy', max_depth=None, max_features=None, max_leaf_nodes=None, min_impurity_decrease=0.0, min_impurity_split=None, min_samples_leaf=1, min_samples_split=2, min_weight_fraction_leaf=0.0, presort=False, random_state=None, splitter='random')";ADASYN(k=1, n_jobs=1, n_neighbors=1, random_state=None, ratio='auto');fisher;0.49243306169965073;0.49243306169965073;0.49243306169965073;0.0032068221058807467
56;"DecisionTreeClassifier(class_weight=None, criterion='entropy', max_depth=None, max_features='auto', max_leaf_nodes=None, min_impurity_decrease=0.0, min_impurity_split=None, min_samples_leaf=1, min_samples_split=2, min_weight_fraction_leaf=0.0, presort=False, random_state=None, splitter='best')";ADASYN(k=1, n_jobs=1, n_neighbors=1, random_state=None, ratio='auto');variance;0.4610011641443539;0.4610011641443539;0.4610011641443539;0.018422871576376565
57;"DecisionTreeClassifier(class_weight=None, criterion='entropy', max_depth=None, max_features='auto', max_leaf_nodes=None, min_impurity_decrease=0.0, min_impurity_split=None, min_samples_leaf=1, min_samples_split=2, min_weight_fraction_leaf=0.0, presort=False, random_state=None, splitter='best')";ADASYN(k=1, n_jobs=1, n_neighbors=1, random_state=None, ratio='auto');fisher;0.4912689173457509;0.4912689173457509;0.4912689173457509;0.004626197865036374
58;"DecisionTreeClassifier(class_weight=None, criterion='entropy', max_depth=None, max_features='sqrt', max_leaf_nodes=None, min_impurity_decrease=0.0, min_impurity_split=None, min_samples_leaf=1, min_samples_split=2, min_weight_fraction_leaf=0.0, presort=False, random_state=None, splitter='best')";ADASYN(k=1, n_jobs=1, n_neighbors=1, random_state=None, ratio='auto');variance;0.420256111757858;0.420256111757858;0.420256111757858;0.020250140088705848
59;"DecisionTreeClassifier(class_weight=None, criterion='entropy', max_depth=None, max_features='sqrt', max_leaf_nodes=None, min_impurity_decrease=0.0, min_impurity_split=None, min_samples_leaf=1, min_samples_split=2, min_weight_fraction_leaf=0.0, presort=False, random_state=None, splitter='best')";ADASYN(k=1, n_jobs=1, n_neighbors=1, random_state=None, ratio='auto');fisher;0.4912689173457509;0.4912689173457509;0.4912689173457509;0.004348011593947376
60;"DecisionTreeClassifier(class_weight=None, criterion='entropy', max_depth=None, max_features='log2', max_leaf_nodes=None, min_impurity_decrease=0.0, min_impurity_split=None, min_samples_leaf=1, min_samples_split=2, min_weight_fraction_leaf=0.0, presort=False, random_state=None, splitter='best')";ADASYN(k=1, n_jobs=1, n_neighbors=1, random_state=None, ratio='auto');variance;0.3969732246798603;0.3969732246798603;0.3969732246798603;0.02082756148968201
61;"DecisionTreeClassifier(class_weight=None, criterion='entropy', max_depth=None, max_features='log2', max_leaf_nodes=None, min_impurity_decrease=0.0, min_impurity_split=None, min_samples_leaf=1, min_samples_split=2, min_weight_fraction_leaf=0.0, presort=False, random_state=None, splitter='best')";ADASYN(k=1, n_jobs=1, n_neighbors=1, random_state=None, ratio='auto');fisher;0.4912689173457509;0.4912689173457509;0.4912689173457509;0.0035407594086791505
62;"DecisionTreeClassifier(class_weight=None, criterion='entropy', max_depth=None, max_features=None, max_leaf_nodes=None, min_impurity_decrease=0.0, min_impurity_split=None, min_samples_leaf=1, min_samples_split=2, min_weight_fraction_leaf=0.0, presort=False, random_state=None, splitter='best')";ADASYN(k=1, n_jobs=1, n_neighbors=1, random_state=None, ratio='auto');variance;0.4330616996507567;0.4330616996507567;0.4330616996507567;0.04887658826442021
63;"DecisionTreeClassifier(class_weight=None, criterion='entropy', max_depth=None, max_features=None, max_leaf_nodes=None, min_impurity_decrease=0.0, min_impurity_split=None, min_samples_leaf=1, min_samples_split=2, min_weight_fraction_leaf=0.0, presort=False, random_state=None, splitter='best')";ADASYN(k=1, n_jobs=1, n_neighbors=1, random_state=None, ratio='auto');fisher;0.4912689173457509;0.4912689173457509;0.4912689173457509;0.004379869326385233
